{"name":"32193d81-6f9c-4947-a0fe-51d01c8fb4e6","id":"/providers/Microsoft.Flow/flows/32193d81-6f9c-4947-a0fe-51d01c8fb4e6","type":"Microsoft.Flow/flows","properties":{"apiId":"/providers/Microsoft.PowerApps/apis/shared_logicflows","displayName":"BetasoftSiteTemplate","definition":{"metadata":{"workflowEntityId":null,"processAdvisorMetadata":null,"flowChargedByPaygo":null,"flowclientsuspensionreason":"None","flowclientsuspensiontime":null,"flowclientsuspensionreasondetails":null,"creator":{"id":"5a0a4d90-a08e-4808-b04f-269600c46fe0","type":"User","tenantId":"6820fd9d-6edf-4150-97c2-72161cf9c17a"},"provisioningMethod":"FromDefinition","failureAlertSubscription":true,"clientLastModifiedTime":"2023-04-18T12:47:01.8911526Z"},"$schema":"https://schema.management.azure.com/providers/Microsoft.Logic/schemas/2016-06-01/workflowdefinition.json#","contentVersion":"1.0.0.0","parameters":{"$connections":{"defaultValue":{},"type":"Object"},"$authentication":{"defaultValue":{},"type":"SecureObject"}},"triggers":{"manual":{"metadata":{"operationMetadataId":"cf3c0a25-7bdf-478c-a639-e99185edfd64"},"type":"Request","kind":"Http","inputs":{"schema":{"type":"object","properties":{"webUrl":{"type":"string"},"parameters":{"type":"object","properties":{"event":{"type":"string"},"product":{"type":"string"}}},"webDescription":{"type":"string"},"creatorName":{"type":"string"},"creatorEmail":{"type":"string"},"createdTimeUTC":{"type":"string"}}}}}},"actions":{"Pages_Provisioning":{"actions":{"Get_URL":{"runAfter":{},"metadata":{"operationMetadataId":"80009393-19ef-4d0c-ac26-f77439b928e2"},"type":"OpenApiConnection","inputs":{"host":{"apiId":"/providers/Microsoft.PowerApps/apis/shared_sharepointonline","connectionName":"shared_sharepointonline_5","operationId":"HttpRequest"},"parameters":{"dataset":"@triggerBody()?['webUrl']","parameters/method":"GET","parameters/uri":"_api/sitepages/pages/GetByUrl('SitePages/Home.aspx')"},"authentication":"@parameters('$authentication')"}},"Create_Customer_Tracking":{"runAfter":{"Get_URL":["Succeeded"]},"metadata":{"operationMetadataId":"6300f055-4435-4662-8a41-8d6c76f189ef"},"type":"OpenApiConnection","inputs":{"host":{"apiId":"/providers/Microsoft.PowerApps/apis/shared_sharepointonline","connectionName":"shared_sharepointonline_6","operationId":"HttpRequest"},"parameters":{"dataset":"@triggerBody()?['webUrl']","parameters/method":"POST","parameters/uri":"/_api/sitepages/pages","parameters/headers":{"accept":"application/json","content-type":"application/json;odata=verbose;charset=utf-8","if-match":"*"},"parameters/body":"{\n    \"__metadata\": {\n        \"type\": \"SP.Publishing.SitePage\"\n    },\n    \"PageLayoutType\":\"Article\"\n}"},"authentication":"@parameters('$authentication')"}},"Parse_JSON_Customer_Tracking":{"runAfter":{"Create_Customer_Tracking":["Succeeded"]},"metadata":{"operationMetadataId":"1774a68d-1d60-4846-96f9-0caf672bbc3b"},"type":"ParseJson","inputs":{"content":"@body('Create_Customer_Tracking')","schema":{"type":"object","properties":{"odata.metadata":{"type":"string"},"odata.type":{"type":"string"},"odata.id":{"type":"string"},"odata.editLink":{"type":"string"},"AbsoluteUrl":{"type":"string"},"AuthorByline":{},"BannerImageUrl":{},"BannerThumbnailUrl":{},"CallToAction":{"type":"string"},"Categories":{},"ContentTypeId":{"type":"string"},"Description":{},"DoesUserHaveEditPermission":{"type":"boolean"},"FileName":{"type":"string"},"FirstPublished":{"type":"string"},"Id":{"type":"integer"},"IsPageCheckedOutToCurrentUser":{"type":"boolean"},"IsWebWelcomePage":{"type":"boolean"},"Modified":{"type":"string"},"PageLayoutType":{"type":"string"},"Path":{"type":"object","properties":{"DecodedUrl":{"type":"string"}}},"PromotedState":{"type":"integer"},"Title":{},"TopicHeader":{},"UniqueId":{"type":"string"},"Url":{"type":"string"},"Version":{"type":"string"},"VersionInfo":{"type":"object","properties":{"LastVersionCreated":{"type":"string"},"LastVersionCreatedBy":{"type":"string"}}},"AlternativeUrlMap":{"type":"string"},"CanvasContent1":{"type":"string"},"LayoutWebpartsContent":{},"SitePageFlags":{"type":"string"}}}}},"Save_Customer_Tracking":{"runAfter":{"Parse_JSON_Customer_Tracking":["Succeeded"]},"metadata":{"operationMetadataId":"2dc5f1fa-1b2f-4655-b60b-835fbf49bcf1"},"type":"OpenApiConnection","inputs":{"host":{"apiId":"/providers/Microsoft.PowerApps/apis/shared_sharepointonline","connectionName":"shared_sharepointonline_6","operationId":"HttpRequest"},"parameters":{"dataset":"@triggerBody()?['webUrl']","parameters/method":"POST","parameters/uri":"_api/sitepages/pages/GetById(@{body('Parse_JSON_Customer_Tracking')?['Id']})/savepageasdraft","parameters/headers":{"Accept":"application/json;odata=verbose","Content-Type":"application/json"},"parameters/body":"{\n  \"$schema\": \"https://developer.microsoft.com/json-schemas/sp/site-design-script-actions.schema.json\",\n  \"actions\": [\n    {\n      \"verb\": \"applyTheme\",\n      \"themeName\": \"Contoso Explorers\"\n    },\n    {\n      \"verb\": \"createSPList\",\n      \"listName\": \"Customer Tracking Workflow\",\n      \"templateType\": 100,\n      \"subactions\": [\n        {\n          \"verb\": \"setDescription\",\n          \"description\": \"List of Customers and Orders\"\n        },\n        {\n          \"verb\": \"addSPField\",\n          \"fieldType\": \"Text\",\n          \"displayName\": \"Customer Name\",\n          \"isRequired\": false,\n          \"addToDefaultView\": true\n        },\n        {\n          \"verb\": \"addSPField\",\n          \"fieldType\": \"Number\",\n          \"displayName\": \"Requisition Total\",\n          \"addToDefaultView\": true,\n          \"isRequired\": true\n        },\n        {\n          \"verb\": \"addSPField\",\n           \"fieldType\": \"User\",\n          \"displayName\": \"Contact\",\n          \"addToDefaultView\": true,\n          \"isRequired\": true\n        },\n        {\n          \"verb\": \"addSPField\",\n          \"fieldType\": \"Note\",\n          \"displayName\": \"Meeting Notes\",\n          \"isRequired\": false\n        }\n      ]\n    }\n  ],\n  \"version\": 1\n}"},"authentication":"@parameters('$authentication')"}},"Publish_Customer_Tracking":{"runAfter":{"Save_Customer_Tracking":["Succeeded"]},"metadata":{"operationMetadataId":"8a61d84c-aa70-4c73-9642-b56a414a7982"},"type":"OpenApiConnection","inputs":{"host":{"apiId":"/providers/Microsoft.PowerApps/apis/shared_sharepointonline","connectionName":"shared_sharepointonline_6","operationId":"HttpRequest"},"parameters":{"dataset":"@triggerBody()?['webUrl']","parameters/method":"POST","parameters/uri":"_api/sitepages/pages/GetById(@{body('Parse_JSON_Customer_Tracking')?['Id']})/publish","parameters/headers":{"Accept":"application/json;odata=verbose","Content-Type":"application/json"}},"authentication":"@parameters('$authentication')"}}},"runAfter":{},"metadata":{"operationMetadataId":"2004a7fb-9224-4c76-a5f2-cf6468c9266c"},"type":"Scope"}},"outputs":{}},"connectionReferences":{"shared_sharepointonline_5":{"connectionName":"e0d902111e4e4efdaa56a39f692ca7ca","source":"Embedded","id":"/providers/Microsoft.PowerApps/apis/shared_sharepointonline","tier":"NotSpecified"},"shared_sharepointonline_6":{"connectionName":"e0d902111e4e4efdaa56a39f692ca7ca","source":"Embedded","id":"/providers/Microsoft.PowerApps/apis/shared_sharepointonline","tier":"NotSpecified"}},"flowFailureAlertSubscribed":false,"isManaged":false}}